{
	"partitions" : [
		{
			"name" : "Top",
			"pins" : [
				{
					"name" : "OPERATE",
					"strict" : false
				},
				{
					"name" : "ALARM",
					"strict" : false
				},
				{
					"name" : "a",
					"strict" : false
				},
				{
					"name" : "b",
					"strict" : false
				},
				{
					"name" : "c",
					"strict" : false
				},
				{
					"name" : "d",
					"strict" : false
				},
				{
					"name" : "e",
					"strict" : false
				},
				{
					"name" : "f",
					"strict" : false
				},
				{
					"name" : "g",
					"strict" : false
				},
				{
					"name" : "c1",
					"strict" : false
				},
				{
					"name" : "d1",
					"strict" : false
				},
				{
					"name" : "e1",
					"strict" : false
				},
				{
					"name" : "f1",
					"strict" : false
				},
				{
					"name" : "g1",
					"strict" : false
				},
				{
					"name" : "a_1",
					"strict" : false
				},
				{
					"name" : "b_1",
					"strict" : false
				},
				{
					"name" : "RESET",
					"strict" : false
				},
				{
					"name" : "S[8]",
					"strict" : false
				},
				{
					"name" : "S[7]",
					"strict" : false
				},
				{
					"name" : "S[4]",
					"strict" : false
				},
				{
					"name" : "S[3]",
					"strict" : false
				},
				{
					"name" : "S[6]",
					"strict" : false
				},
				{
					"name" : "S[5]",
					"strict" : false
				},
				{
					"name" : "S[2]",
					"strict" : false
				},
				{
					"name" : "S[1]",
					"strict" : false
				},
				{
					"name" : "S[0]",
					"strict" : false
				},
				{
					"name" : "MONO",
					"strict" : false
				},
				{
					"name" : "CLK",
					"strict" : false
				},
				{
					"name" : "PULSES",
					"strict" : false
				}
			]
		}
	]
}