{
	"partitions" : [
		{
			"name" : "Top",
			"pins" : [
				{
					"name" : "OUT_Sin",
					"strict" : false
				},
				{
					"name" : "TimeEnd",
					"strict" : false
				},
				{
					"name" : "StartTIM",
					"strict" : false
				},
				{
					"name" : "xDev_n",
					"strict" : false
				},
				{
					"name" : "q[0]",
					"strict" : false
				},
				{
					"name" : "q[1]",
					"strict" : false
				},
				{
					"name" : "q[2]",
					"strict" : false
				},
				{
					"name" : "q[3]",
					"strict" : false
				},
				{
					"name" : "q[4]",
					"strict" : false
				},
				{
					"name" : "q[5]",
					"strict" : false
				},
				{
					"name" : "q[6]",
					"strict" : false
				},
				{
					"name" : "q[7]",
					"strict" : false
				},
				{
					"name" : "q[8]",
					"strict" : false
				},
				{
					"name" : "q[9]",
					"strict" : false
				},
				{
					"name" : "q[10]",
					"strict" : false
				},
				{
					"name" : "Reset_KEY1",
					"strict" : false
				},
				{
					"name" : "CLK",
					"strict" : false
				},
				{
					"name" : "Pulse_KEY0",
					"strict" : false
				}
			]
		}
	]
}