{
	"partitions" : [
		{
			"name" : "Top",
			"pins" : [
				{
					"name" : "Cout",
					"strict" : false
				},
				{
					"name" : "Aa",
					"strict" : false
				},
				{
					"name" : "Ab",
					"strict" : false
				},
				{
					"name" : "Ac",
					"strict" : false
				},
				{
					"name" : "Ad",
					"strict" : false
				},
				{
					"name" : "Ae",
					"strict" : false
				},
				{
					"name" : "Af",
					"strict" : false
				},
				{
					"name" : "Ag",
					"strict" : false
				},
				{
					"name" : "Ba",
					"strict" : false
				},
				{
					"name" : "Bb",
					"strict" : false
				},
				{
					"name" : "Bc",
					"strict" : false
				},
				{
					"name" : "Bd",
					"strict" : false
				},
				{
					"name" : "Be",
					"strict" : false
				},
				{
					"name" : "Bf",
					"strict" : false
				},
				{
					"name" : "Bg",
					"strict" : false
				},
				{
					"name" : "Sa",
					"strict" : false
				},
				{
					"name" : "S[3]",
					"strict" : false
				},
				{
					"name" : "S[2]",
					"strict" : false
				},
				{
					"name" : "S[1]",
					"strict" : false
				},
				{
					"name" : "S[0]",
					"strict" : false
				},
				{
					"name" : "Sb",
					"strict" : false
				},
				{
					"name" : "Sc",
					"strict" : false
				},
				{
					"name" : "Sd",
					"strict" : false
				},
				{
					"name" : "Se",
					"strict" : false
				},
				{
					"name" : "Sf",
					"strict" : false
				},
				{
					"name" : "Sg",
					"strict" : false
				},
				{
					"name" : "A[2]",
					"strict" : false
				},
				{
					"name" : "B[2]",
					"strict" : false
				},
				{
					"name" : "Cin",
					"strict" : false
				},
				{
					"name" : "A[0]",
					"strict" : false
				},
				{
					"name" : "B[0]",
					"strict" : false
				},
				{
					"name" : "A[1]",
					"strict" : false
				},
				{
					"name" : "B[1]",
					"strict" : false
				},
				{
					"name" : "A[3]",
					"strict" : false
				},
				{
					"name" : "B[3]",
					"strict" : false
				}
			]
		}
	]
}