{
	"partitions" : [
		{
			"name" : "Top",
			"pins" : [
				{
					"name" : "tx",
					"strict" : false
				},
				{
					"name" : "tx_rdy",
					"strict" : false
				},
				{
					"name" : "reset",
					"strict" : false
				},
				{
					"name" : "tx_en",
					"strict" : false
				},
				{
					"name" : "tx_data[5]",
					"strict" : false
				},
				{
					"name" : "tx_data[6]",
					"strict" : false
				},
				{
					"name" : "tx_data[7]",
					"strict" : false
				},
				{
					"name" : "tx_data[4]",
					"strict" : false
				},
				{
					"name" : "tx_data[1]",
					"strict" : false
				},
				{
					"name" : "tx_data[0]",
					"strict" : false
				},
				{
					"name" : "tx_data[3]",
					"strict" : false
				},
				{
					"name" : "tx_data[2]",
					"strict" : false
				},
				{
					"name" : "clk_i",
					"strict" : false
				},
				{
					"name" : "baudsel[0]",
					"strict" : false
				},
				{
					"name" : "baudsel[1]",
					"strict" : false
				}
			]
		}
	]
}