{
	"partitions" : [
		{
			"name" : "Top",
			"pins" : [
				{
					"name" : "mot_pow[0]",
					"strict" : false
				},
				{
					"name" : "mot_pow[1]",
					"strict" : false
				},
				{
					"name" : "mot_pow[2]",
					"strict" : false
				},
				{
					"name" : "mot_pow[3]",
					"strict" : false
				},
				{
					"name" : "mot_cont[0]",
					"strict" : false
				},
				{
					"name" : "mot_cont[1]",
					"strict" : false
				},
				{
					"name" : "reset",
					"strict" : false
				},
				{
					"name" : "enable",
					"strict" : false
				},
				{
					"name" : "u_d",
					"strict" : false
				},
				{
					"name" : "clk_cont[0]",
					"strict" : false
				},
				{
					"name" : "clk_cont[1]",
					"strict" : false
				},
				{
					"name" : "clk_i",
					"strict" : false
				}
			]
		}
	]
}